代码,名称,买入价(元),卖出价(元),单次收益(元),单次收益率(%),交易数量(股),买入时间,卖出时间
'003040,楚天龙,21.2,23.32,6821805,9.89%,3252800,20250619,20250620
'002348,高乐股份,4.27,4.18,-1209833,-2.21%,12842900,20250617,20250618
'000403,派林生物,18.9,18.75,-501366,-0.89%,2970400,20250613,20250616
'002161,远望谷,7.56,7.34,-1938110,-3.01%,8523100,20250611,20250612
'600322,津投城开,2.74,2.66,-361940,-3.02%,4377600,20250609,20250610
'002427,尤夫股份,10.86,9.99,-6435725,-8.10%,7311600,20250605,20250606
'002177,御银股份,5.44,7.66,21565551,40.69%,9741000,20250529,20250604
'002229,鸿博股份,17.3,17.43,374054,0.65%,3321900,20250527,20250528
'002519,银河电子,5.06,4.97,-910218,-1.88%,9582000,20250523,20250526
'600986,浙文互联,8.85,8.56,-2038734,-3.37%,6826900,20250521,20250522
'002520,日发精机,7.4,7.23,-1482867,-2.39%,8364900,20250519,20250520
'000420,吉林化纤,4.24,4.77,6824511,12.39%,12990100,20250515,20250516
'002364,中恒电气,16.9,16.1,-2596161,-4.83%,3180400,20250513,20250514
'002124,天邦食品,3.53,3.2,-4157799,-9.44%,12475300,20250509,20250512
'002562,兄弟科技,5.1,4.84,-2251587,-5.19%,8499600,20250507,20250508
'002164,宁波东力,8.28,9.67,7263882,16.67%,5261100,20250430,20250506
'002104,恒宝股份,8.37,8.08,-1423171,-3.56%,4773300,20250428,20250429
'002255,海陆重工,9.78,9.32,-2936504,-4.80%,6255400,20250424,20250425
'300139,晓程科技,22.16,19.33,-9028919,-12.86%,3168000,20250422,20250423
'002427,尤夫股份,6.07,7.17,6438170,18.00%,5889800,20250418,20250421
'600300,维维股份,4.05,4.18,1921856,3.11%,15270700,20250417,20250418
'600292,远达环保,15.5,14.06,-6370650,-9.38%,4380200,20250415,20250416
'002427,尤夫股份,5.37,5.7,2650432,6.04%,8170700,20250411,20250414
'002165,红宝丽,6.8,7.57,6599201,11.21%,8653300,20250409,20250410
'600965,福成股份,5.91,6.56,3225671,10.89%,5011900,20250408,20250409
'002471,中超控股,3.2,3.53,1550406,10.20%,4747800,20250403,20250407
'603686,福龙马,15.02,14.44,-2233677,-3.96%,3756700,20250401,20250402
'002361,神剑股份,6.98,6.6,-2343256,-5.54%,6059700,20250328,20250331
'300198,纳川股份,2.72,2.74,178900,0.63%,10362000,20250327,20250328
'000422,湖北宜化,14.97,15.36,1430823,2.50%,3818200,20250325,20250326
'000541,佛山照明,7.54,8.42,5924143,11.56%,6795300,20250321,20250324
'600589,大位科技,8.72,9.65,4892712,10.55%,5314800,20250319,20250320
'002306,中科云网,2.99,3.33,3761048,11.26%,11168500,20250317,20250318
'000815,美利云,13.7,13.13,-1893652,-4.26%,3246600,20250312,20250313
'002162,悦心健康,4.78,4.56,-506844,-4.70%,2256500,20250310,20250311
'002369,卓翼科技,14.25,15.78,4322070,10.63%,2853600,20250306,20250307
'600734,实达集团,4.94,5,447877,1.11%,8141000,20250303,20250305
'000981,山子高科,2.54,2.22,-5844492,-12.69%,18133700,20250227,20250228
'600811,东方集团,2.31,2.27,-858745,-1.83%,20310900,20250225,20250226
'600187,国中水务,3.49,3.85,2079017,10.20%,5836000,20250220,20250224
'002681,奋达科技,8.99,9.15,740176,1.68%,4905400,20250218,20250219
'301396,宏景科技,36.92,52,12760470,40.70%,848900,20250214,20250217
'000856,冀东装备,11.87,13.07,2849827,10.00%,2400400,20250211,20250213
'002526,山东矿机,4.2,4.36,1018412,3.71%,6541700,20250207,20250210
'600191,华资实业,8.21,8.39,435987,2.09%,2539900,20250205,20250206
'002420,毅昌科技,6.01,5.77,-660914,-4.09%,2688500,20250124,20250127
'002117,东港股份,13.15,12.93,-499613,-1.77%,2144400,20250122,20250123
'603166,福达股份,9.09,10.34,3385001,13.64%,2729900,20250120,20250121
'002730,电光科技,16.93,18.74,2374915,10.58%,1325500,20250116,20250117
'002582,好想你,8.18,9.09,2226891,11.01%,2471200,20250114,20250115
'600397,安源煤业,4.65,3.89,-3974591,-16.43%,5201800,20250110,20250113
'600808,马钢股份,3.17,3.4,1614096,7.15%,7121300,20250107,20250108
'600824,益民集团,4.95,5.69,2916973,14.83%,3971400,20250103,20250106
'600398,海澜之家,7.4,8.16,1813520,10.16%,2411500,20241231,20250102
'600126,杭钢股份,4.82,5.12,1029068,6.12%,3488900,20241227,20241230
'002210,飞马国际,2.8,2.86,336403,2.04%,5885800,20241225,20241226
'002640,跨境通,5,4.66,-1220397,-6.89%,3540000,20241223,20241224
'600157,永泰能源,1.99,1.88,-1054672,-5.62%,9424500,20241219,20241220
'002607,中公教育,4.3,4.33,111327,0.60%,4335600,20241217,20241218
'000627,天茂集团,5.13,5.07,-239571,-1.27%,3680900,20241213,20241216
'002269,美邦服饰,2.53,2.78,1681323,9.77%,6799200,20241211,20241212
'300276,三丰智能,11.1,11.11,-1716,-0.01%,1549800,20241210,20241211
'002530,金财互联,10.5,12.05,2198438,14.65%,1429100,20241206,20241209
'002587,奥拓电子,8.01,8.05,59634,0.40%,1865900,20241204,20241205
'300229,拓尔思,22.88,22.09,-550081,-3.55%,677200,20241202,20241203
'601698,中国卫通,22,23.17,757560,5.21%,660400,20241128,20241129
'600787,中储股份,6.92,7.4,942462,6.83%,1993700,20241127,20241128
'000803,山高环能,5.7,5.68,-62451,-0.45%,2431400,20241125,20241126
'002542,中化岩土,4.78,4.77,-42963,-0.31%,2908300,20241121,20241122
'600340,华夏幸福,2.8,2.86,278099,2.04%,4865700,20241120,20241121
'002131,利欧股份,2.35,2.29,-371045,-2.65%,5955300,20241118,20241119
'000415,渤海租赁,4.7,4.5,-636785,-4.35%,3113100,20241113,20241115
'002456,欧菲光,17,18.69,1309970,9.83%,783600,20241111,20241112
'600811,东方集团,3.3,3.73,1524342,12.92%,3575100,20241107,20241108
'000980,众泰汽车,2.52,2.97,1777973,17.74%,3976300,20241101,20241106
'600100,同方股份,8.06,8.28,256544,2.63%,1211400,20241031,20241101
'300075,数字政通,20,20,-9772,-0.10%,488600,20241030,20241031
'000536,华映科技,3.99,4.57,1232191,14.42%,2140800,20241028,20241029
'000595,宝塔实业,10.01,9.99,-25670,-0.30%,855800,20241024,20241025
'000617,中油资本,9.25,8.29,-1001944,-10.47%,1034500,20241022,20241023
'601162,天风证券,4.7,4.86,305844,3.30%,1970900,20241021,20241022
'000560,我爱我家,3.67,3.41,-716441,-7.18%,2719200,20241017,20241018
'002600,领益智造,7.96,7.68,-374276,-3.61%,1300700,20241015,20241016
'601390,中国中铁,6.86,6.71,-242097,-2.28%,1544500,20241011,20241014
'600550,保变电气,10.69,8.94,-2087150,-16.45%,1186300,20241009,20241010
'000717,中南股份,1.99,3.15,4663506,58.13%,4030200,20240924,20240930
'002291,遥望科技,4.57,4.57,-8028,-0.10%,1756700,20240919,20240920
'300086,康芝药业,4.46,3.82,-1354741,-14.44%,2103700,20240913,20240918
'000158,常山北明,7.8,8.62,839017,10.40%,1033800,20240911,20240912
'300134,大富科技,8.92,11.25,1763157,25.99%,760200,20240910,20240911
'300310,宜通世纪,5.63,5.25,-498213,-6.84%,1292900,20240906,20240909
'600839,四川长虹,5.24,5.17,-105962,-1.43%,1409300,20240904,20240905
'300184,力源信息,8.16,7.19,-1004898,-11.98%,1028100,20240902,20240903
'002861,瀛通通讯,10.75,11.89,796985,10.49%,706300,20240829,20240830
'002370,亚太药业,2.91,2.94,69975,0.93%,2585200,20240828,20240829
'002631,德尔未来,4,3.89,-166650,-2.85%,1462900,20240822,20240827
'002246,北化股份,9,8.82,-164822,-2.10%,872700,20240820,20240821
'002256,兆新股份,1.66,1.75,396582,5.32%,4492700,20240819,20240820
'002075,沙钢股份,4.85,5.33,664991,9.79%,1400600,20240814,20240816
'000558,莱茵体育,2.54,2.28,-782418,-10.33%,2982400,20240812,20240813
'300342,天银机电,16.39,14.28,-1128273,-12.96%,531000,20240808,20240809
'600187,国中水务,2.6,2.65,155704,1.82%,3287500,20240807,20240808
'000757,浩物股份,3.26,2.96,-875953,-9.29%,2890600,20240805,20240806
'002611,东方精工,6.96,6.27,-1047728,-10.00%,1504400,20240801,20240802
'600811,东方集团,1.05,1.07,185480,1.80%,9795600,20240730,20240731
'000572,海马汽车,3.78,4.15,907867,9.68%,2480900,20240726,20240729
'600811,东方集团,1.01,0.98,-296820,-3.07%,9578700,20240724,20240725
'300807,天迈科技,38.36,36.94,-381957,-3.80%,262100,20240723,20240724
'600119,长江投资,6.44,6.32,-201250,-1.96%,1592800,20240718,20240719
'002741,光华科技,11.65,12,289268,2.90%,855600,20240716,20240717
'300469,信息发展,15.25,17.23,1136927,12.87%,579100,20240711,20240712
'002823,凯中精密,15.2,17.44,1126900,14.62%,506900,20240709,20240710
'300486,东杰智能,5.8,5.37,-625433,-7.51%,1436200,20240705,20240708
'300333,兆日科技,6.25,5.93,-458435,-5.21%,1406200,20240703,20240704
'600601,方正科技,2.97,2.89,-234212,-2.79%,2824900,20240701,20240702
'300461,田中精机,18.64,24,2008441,28.63%,376300,20240628,20240701
'300643,万通智控,14.98,14.08,-455964,-6.10%,498700,20240626,20240627
'603228,景旺电子,29.45,30.05,141841,1.94%,248800,20240624,20240625
'001298,好上好,21.94,21.31,-224235,-2.97%,344200,20240620,20240621
'002198,嘉应制药,7.42,7.22,-217032,-2.79%,1047100,20240618,20240619
'301082,久盛电气,12.18,12.89,420743,5.72%,603400,20240614,20240617
'600992,贵绳股份,15.68,15.84,66966,0.92%,464400,20240611,20240612
'002655,共达电声,11.62,11.21,-273980,-3.62%,650300,20240606,20240607
'600162,香江控股,1.77,1.83,189026,3.29%,3248700,20240603,20240605
'300290,荣科科技,11.03,10.8,-164458,-2.18%,682800,20240529,20240530
'000875,吉电股份,5.66,6.24,693392,10.14%,1208200,20240527,20240528
'000957,中通客车,11.3,10.48,-542603,-7.35%,653200,20240522,20240523
'002074,国轩高科,21.42,22.05,203716,2.84%,335000,20240520,20240521
'300159,新研股份,2.6,2.71,284509,4.13%,2651100,20240516,20240517
'603111,康尼机电,6.7,6.65,-58787,-0.85%,1037500,20240514,20240515
'601155,新城控股,10.11,11.15,642268,10.18%,624100,20240510,20240513
'300719,安达维尔,23.5,22.33,-337274,-5.07%,282800,20240508,20240509
'002668,奥马电器,10.6,10.54,-44534,-0.67%,631200,20240506,20240507
'600660,福耀玻璃,50.16,49.83,-51060,-0.76%,134400,20240429,20240430
'600879,航天电子,7.94,7.99,35496,0.53%,844700,20240425,20240426
'600858,银座股份,4.77,4.54,-279335,-4.92%,1190700,20240422,20240423
'600210,紫江企业,5.97,6.56,622104,9.77%,1066000,20240418,20240419
'600984,建设机械,3.26,4.5,1749536,37.90%,1415700,20240411,20240416
'300310,宜通世纪,4.8,4.45,-368045,-7.38%,1038100,20240409,20240410
'000691,亚太实业,4.49,4.05,-547027,-9.89%,1231600,20240403,20240408
'601975,招商南油,3.62,3.68,84739,1.56%,1504200,20240401,20240402
'002562,兄弟科技,3.49,3.53,56329,1.05%,1544100,20240328,20240329
'002388,新亚制程,5.22,5.8,534141,11.00%,930000,20240325,20240327
'002474,榕基软件,6.85,6.42,-330408,-6.37%,756900,20240321,20240322
'002611,东方精工,8.8,8.61,-119751,-2.26%,602800,20240319,20240320
'002716,金贵银业,3.1,3.16,95545,1.83%,1680500,20240315,20240318
'000736,中交地产,10.19,10.36,80368,1.57%,503300,20240313,20240314
'002325,洪涛股份,1.79,1.83,107118,2.13%,2805600,20240311,20240312
'002256,兆新股份,2.39,2.22,-390071,-7.21%,2264400,20240307,20240308
'600565,迪马股份,1.44,1.35,-366669,-6.34%,4012900,20240305,20240306
'002456,欧菲光,8.36,9.19,516748,9.82%,629400,20240301,20240304
'600188,兖矿能源,25.12,25.72,117586,2.29%,204700,20240220,20240221
'600636,国新文化,10.56,8.8,-1035182,-16.75%,585100,20240205,20240206
'003007,直真科技,35.52,40.28,724660,13.29%,153500,20240201,20240202
'000037,深南电A,10.72,12.38,726783,15.37%,441000,20240130,20240131
'001217,华尔泰,16.71,14.47,-737395,-13.49%,327000,20240124,20240125
'601096,宏盛华源,7,6.22,-691652,-11.23%,879500,20240119,20240122
'000532,华金资本,15,16.62,594683,10.69%,370800,20240117,20240118
'002584,西陇科学,10.48,10.83,174412,3.24%,514100,20240112,20240116
'000821,京山轻机,16.24,16.69,140039,2.67%,323100,20240110,20240111
'002786,银宝山新,16.41,18.12,490600,10.31%,289900,20240105,20240109
'002397,梦洁股份,4.1,4.08,-28112,-0.59%,1167200,20240102,20240103
'603779,威龙股份,13,10.45,-1174003,-19.70%,458400,20231228,20240102
'002682,龙洲股份,7.1,8.49,970893,19.46%,702600,20231226,20231227
'000705,浙江震元,10.06,9.6,-244299,-4.67%,520100,20231221,20231222
'002313,日海智能,12.98,12.82,-70631,-1.33%,408600,20231219,20231220
'603803,瑞斯康达,10.6,9.3,-747534,-12.35%,570800,20231215,20231218
'600159,大龙地产,4.18,4.13,-79405,-1.29%,1466600,20231213,20231214
'600358,国旅联合,5.8,6.07,266875,4.55%,1010900,20231211,20231212
'002858,力盛体育,20.51,18.91,-502472,-7.89%,310300,20231207,20231208
'600327,大东方,6,6,-6372,-0.10%,1062000,20231206,20231207
'000851,高鸿股份,7.1,7.28,151359,2.43%,876100,20231204,20231205
'000609,中迪投资,7.5,7.23,-238836,-3.70%,861300,20231130,20231201
'000851,高鸿股份,6.96,6.86,-100750,-1.54%,942600,20231128,20231129
'000536,华映科技,4.33,4.05,-460672,-6.56%,1621400,20231124,20231127
'600792,云煤能源,5.76,5.64,-156597,-2.18%,1246100,20231122,20231123
'000572,海马汽车,6.28,6.41,138556,1.97%,1120800,20231120,20231121
'002658,雪迪龙,8.57,8.5,-65083,-0.92%,828900,20231116,20231117
'002413,雷科防务,6.7,6.41,-328888,-4.42%,1109300,20231114,20231115
'600792,云煤能源,4.65,5.33,942009,14.51%,1395900,20231110,20231113
'002122,汇洲智能,4.43,4.43,-6497,-0.10%,1466700,20231107,20231108
'600006,东风汽车,6.69,6.55,-145559,-2.19%,993000,20231103,20231106
'600239,云南城投,2.94,2.93,-29350,-0.44%,2269500,20231101,20231102
'002657,中科金财,19.55,17.8,-663443,-9.04%,375200,20231030,20231031
'600186,莲花健康,7.05,6.63,-472609,-6.05%,1107500,20231026,20231027
'002115,三维通信,7.81,8.85,910838,13.20%,883100,20231024,20231025
'002077,大港股份,16.92,16.55,-161269,-2.28%,417100,20231020,20231023
'002640,跨境通,4.03,3.92,-205390,-2.83%,1802500,20231018,20231019
'603123,翠微股份,15.91,14.95,-474235,-6.13%,486300,20231016,20231017
'603229,奥翔药业,15.6,17.19,708887,10.08%,450600,20231012,20231013
'000766,通化金马,13.38,12.17,-706711,-9.13%,578100,20231009,20231011
'000536,华映科技,4.05,4.76,1147573,17.41%,1626800,20230927,20230928
'002369,卓翼科技,5.6,5.83,253669,4.00%,1131300,20230922,20230926
'000536,华映科技,3.65,3.72,113017,1.82%,1704700,20230920,20230921
'601127,赛力斯,47.89,52.71,563159,9.95%,118100,20230915,20230919
'600202,哈空调,6.08,6.18,86018,1.54%,916600,20230913,20230914
'002465,海格通信,12.27,11.65,-302508,-5.15%,478800,20230911,20230912
'000560,我爱我家,3.29,3.16,-247898,-4.05%,1861200,20230907,20230908
'000560,我爱我家,3.36,3.3,-117601,-1.88%,1857400,20230905,20230906
'000820,神雾节能,4.31,4.11,-310323,-4.74%,1520000,20230901,20230904
'300958,建工修复,27.43,24.43,-781707,-11.03%,258400,20230829,20230830
'300948,冠中生态,18.98,22.8,1222626,20.01%,321900,20230828,20230829
'600796,钱江生化,6.15,6.11,-46166,-0.75%,1001000,20230824,20230825
'002528,英飞拓,9.74,9.39,-235925,-3.69%,656300,20230822,20230823
'001299,美能能源,19.8,21,359333,5.95%,304700,20230821,20230822
'600683,京投发展,7.08,7.8,551525,10.06%,774200,20230817,20230818
'000006,深振业A,5.3,5.64,325382,6.31%,972900,20230816,20230817
'601136,首创证券,23.73,25.11,278501,5.71%,205500,20230815,20230816
'603536,惠发食品,9.49,8.61,-490012,-9.36%,551300,20230811,20230814
'002177,御银股份,5.09,5.75,611551,12.85%,934500,20230810,20230811
'600127,金健米业,9.33,9.12,-114408,-2.35%,522000,20230808,20230809
'002693,双成药业,6.73,6.57,-123641,-2.48%,742100,20230804,20230807
'002256,兆新股份,2.7,2.79,155187,3.23%,1779000,20230802,20230803
'000980,众泰汽车,4.4,4.88,471771,10.80%,992700,20230801,20230802
'600280,中央商场,5.14,5.69,418353,10.59%,768400,20230731,20230801
'601881,中国银河,12.83,12.88,11396,0.29%,306900,20230726,20230727
'002559,亚威股份,9.65,9.53,-53586,-1.34%,413600,20230721,20230725
'002251,步步高,5.19,5.78,403973,11.26%,691300,20230719,20230720
'000897,津滨发展,2.2,2.28,122456,3.53%,1575200,20230717,20230718
'002490,山东墨龙,4.88,4.7,-136342,-3.78%,738000,20230713,20230714
'002496,辉丰股份,2.83,3.22,433187,13.67%,1119700,20230711,20230712
'603108,润达医疗,19.78,16.55,-622194,-16.41%,191600,20230706,20230710
'601127,赛力斯,42,46.21,341934,9.91%,82100,20230704,20230705
'300378,鼎捷软件,33.7,35.6,180706,5.53%,96900,20230630,20230703
'000961,中南建设,1.52,1.43,-209225,-6.02%,2287800,20230628,20230629
'600892,大晟文化,6.62,7.29,316524,10.01%,477500,20230621,20230627
'600246,万通发展,6.73,6.73,-3164,-0.10%,470100,20230619,20230620
'600415,小商品城,10.33,10.32,-6237,-0.20%,306900,20230615,20230616
'603083,剑桥科技,71,71.2,5734,0.18%,44500,20230613,20230614
'600839,四川长虹,4.84,5.1,158359,5.27%,621100,20230609,20230612
'000989,九芝堂,13.69,15.18,292383,10.77%,198200,20230606,20230608
'002843,泰嘉股份,20,22.39,287264,11.84%,121300,20230602,20230605
'603618,杭电股份,7.32,6.9,-150306,-5.83%,352000,20230531,20230601
'688088,虹软科技,44,44.59,31533,1.24%,57800,20230529,20230530
'002334,英威腾,13.59,12.96,-126437,-4.73%,196600,20230525,20230526
'000600,建投能源,7.38,7.06,-123921,-4.43%,378800,20230523,20230524
'002983,芯瑞达,26.65,27.9,122608,4.59%,100300,20230522,20230523
'600425,青松建化,5.3,5.17,-67155,-2.55%,496700,20230518,20230519
'600503,华丽家族,3,3.25,208310,8.23%,844000,20230517,20230518
'002423,中粮资本,9.65,9.22,-120771,-4.55%,274900,20230515,20230516
'002519,银河电子,5.93,5.62,-149167,-5.32%,472500,20230511,20230512
'600150,中国船舶,29,27.25,-182924,-6.13%,102900,20230509,20230510
'600880,博瑞传播,6.83,6.77,-29472,-0.98%,441300,20230504,20230505
'601068,中铝国际,6.73,6.85,49856,1.68%,440500,20230428,20230504
'300615,欣天科技,17.48,17.13,-63602,-2.10%,173200,20230426,20230427
'600062,华润双鹤,20.8,19.78,-159333,-5.00%,153200,20230424,20230425
'601599,浙文影业,3.59,3.61,14490,0.46%,883800,20230420,20230421
'600060,海信视像,21.73,21.62,-19339,-0.61%,146900,20230418,20230419
'002159,三特索道,18.19,16.61,-307104,-8.78%,192300,20230414,20230417
'603000,人民网,25,24.88,-20389,-0.58%,140700,20230412,20230413
'002602,世纪华通,6.85,6.51,-187577,-5.06%,541200,20230410,20230411
'001337,四川黄金,30.34,28.6,-229444,-5.83%,129700,20230406,20230407
'002236,大华股份,22.82,25.23,372357,10.45%,156100,20230403,20230404
'605277,新亚电子,20.8,19.37,-266895,-6.97%,184100,20230330,20230331
'002858,力盛体育,18.66,20,253108,7.07%,191700,20230328,20230329
'002636,金安国纪,9.69,10.1,141841,4.13%,354600,20230322,20230324
'002351,漫步者,12.21,12.93,188128,5.79%,266000,20230320,20230321
'600895,张江高科,14.31,15.77,297731,10.09%,206100,20230316,20230317
'300225,金力泰,7.2,7.36,61270,2.12%,401300,20230315,20230316
'603660,苏州科达,7.36,7.31,-22677,-0.78%,395600,20230313,20230314
'002115,三维通信,6.79,6.51,-128302,-4.22%,447700,20230309,20230310
'603108,润达医疗,13.31,13.25,-16822,-0.55%,229600,20230307,20230308
'002886,沃特股份,21,21.95,129403,4.42%,139400,20230303,20230306
'000989,九芝堂,11.1,11,-29577,-1.00%,266400,20230301,20230302
'601566,九牧王,9.68,11.44,452466,18.06%,258700,20230227,20230228
'000716,黑芝麻,9.69,9.21,-133196,-5.05%,272200,20230223,20230224
'600624,复旦复华,6.49,6.68,72485,2.82%,395300,20230222,20230223
'002877,智能自控,12.17,12.84,131466,5.40%,200000,20230220,20230221
'002168,惠程科技,4.7,5.66,410947,20.31%,430500,20230216,20230217
'000599,青岛双星,5.15,4.77,-163414,-7.47%,424600,20230214,20230215
'002400,省广集团,5.34,5.17,-74185,-3.28%,423400,20230210,20230213
'002195,二三四五,3.26,3.11,-111445,-4.70%,727700,20230208,20230209
'002642,荣联科技,9.5,9.43,-20005,-0.84%,251800,20230206,20230207
'601236,红塔证券,9.87,8.97,-242664,-9.21%,266900,20230202,20230203
'002031,巨轮智能,3.65,3.8,101503,4.01%,694100,20230131,20230201
'601699,潞安环能,20.51,19.69,-108094,-4.09%,128700,20230120,20230130
'002161,远望谷,5.79,5.8,1915,0.07%,455800,20230118,20230119
'600095,湘财股份,9.24,10.61,338573,14.71%,249000,20230116,20230117
'002762,金发拉比,10.5,11.89,267007,13.12%,193700,20230112,20230113
'000615,奥园美谷,8.57,9.43,183684,9.92%,215900,20230110,20230111
'000615,奥园美谷,8.7,8.74,6626,0.36%,211900,20230106,20230109
'002357,富临运业,8.18,8.19,408,0.02%,225300,20230103,20230104
'000698,沈阳化工,5.9,5.54,-121791,-6.20%,333100,20221229,20221230
'300051,三五互联,8.78,8.15,-154024,-7.27%,241300,20221227,20221228
'600996,贵广网络,12.7,13.31,95077,4.70%,159300,20221226,20221227
'002277,友阿股份,4.2,4.08,-61633,-2.95%,496600,20221222,20221223
'002172,澳洋健康,4.5,4.41,-44704,-2.10%,473400,20221220,20221221
'000523,广州浪奇,3.9,3.97,35481,1.69%,537200,20221219,20221220
'002528,英飞拓,7.08,6.7,-121067,-5.46%,313000,20221215,20221216
'000716,黑芝麻,5.49,6.19,248655,12.64%,358300,20221213,20221214
'002420,毅昌科技,10.3,12.07,286791,17.07%,163100,20221209,20221212
'002800,天顺股份,22.98,25.31,153070,10.03%,66400,20221207,20221208
'002348,高乐股份,4.02,3.73,-120430,-7.31%,409900,20221205,20221206
'600130,波导股份,4.44,4.69,86298,5.53%,351700,20221201,20221202
'002603,以岭药业,43.12,44.9,60397,4.02%,34800,20221129,20221130
'000620,新华联,3.08,3.16,36555,2.49%,475600,20221125,20221128
'601800,中国交建,7.97,8.28,53448,3.79%,177100,20221123,20221124
'002323,雅博股份,4.13,3.85,-104170,-6.87%,366900,20221121,20221122
'002803,吉宏股份,16.3,15.22,-109111,-6.72%,99600,20221117,20221118
'000756,新华制药,24.6,24.2,-28513,-1.72%,67200,20221115,20221116
'000411,英特集团,14,13.38,-78305,-4.52%,123600,20221111,20221114
'300941,创识科技,24.5,23.24,-95625,-5.24%,74500,20221109,20221110
'601975,招商南油,5.44,4.95,-182880,-9.10%,369400,20221107,20221108
'002607,中公教育,4.75,5.22,179171,9.78%,385400,20221103,20221104
'002528,英飞拓,4.87,4.93,20475,1.13%,371700,20221101,20221102
'000727,冠捷科技,2.12,2.06,-54607,-2.93%,879700,20221028,20221031
'002334,英威腾,9.8,9.46,-68965,-3.57%,197300,20221026,20221027
'002638,勤上股份,2.59,2.35,-199673,-9.36%,823700,20221024,20221025
'600082,海泰发展,4.28,4.08,-106842,-4.77%,523400,20221020,20221021
'002246,北化股份,11.17,10.45,-154017,-6.54%,210800,20221018,20221019
'601975,招商南油,5.15,5.83,277221,13.09%,411100,20221017,20221018
'600536,中国软件,49.55,54.85,202514,10.59%,38600,20221013,20221014
'002490,山东墨龙,5.49,5.44,-19536,-1.01%,352300,20221011,20221012
'002197,证通电子,10.15,10.5,62620,3.34%,184400,20220930,20221010
'002622,融钰集团,4.43,4.32,-49249,-2.58%,430700,20220928,20220929
'000428,华天酒店,4.79,5.5,246355,14.71%,349600,20220927,20220928
'000948,南天信息,16.17,15.82,-38750,-2.26%,105900,20220923,20220926
'000560,我爱我家,3.16,3.47,151525,9.70%,494200,20220921,20220922
'002560,通达股份,8.21,8,-42607,-2.66%,195400,20220919,20220920
'002094,青岛金王,4.26,4.92,213872,15.38%,326400,20220914,20220916
'002148,北纬科技,7.91,7.4,-97347,-6.54%,188100,20220909,20220913
'002630,华西能源,3.11,3.55,183137,14.03%,419500,20220907,20220908
'002292,奥飞娱乐,5.45,5.5,10487,0.82%,235600,20220905,20220906
'000670,盈方微,10.36,11.5,125408,10.89%,111100,20220902,20220905
'002628,成都路桥,3.96,4.57,155029,15.29%,256000,20220901,20220902
'600537,亿晶光电,7.48,6.34,-183575,-15.33%,160100,20220830,20220831
'000686,东北证券,7.81,7.26,-92026,-7.14%,165100,20220826,20220829
'000040,东旭蓝天,6.22,5.96,-57594,-4.28%,216500,20220824,20220825
'000591,太阳能,9.32,9.17,-23404,-1.71%,147000,20220822,20220823
'000728,国元证券,7.66,7.62,-8573,-0.62%,180000,20220818,20220819
'002329,皇氏集团,8.05,9.38,194312,16.41%,147100,20220816,20220817
'002036,联创电子,18.92,18.22,-46696,-3.80%,65000,20220812,20220815
'002665,首航高科,5.16,5.33,38082,3.19%,231200,20220810,20220811
'000035,中国天楹,7.03,7.35,50819,4.45%,162500,20220808,20220809
'000691,亚太实业,4.7,4.35,-93182,-7.54%,262900,20220804,20220805
'601975,招商南油,3.93,3.55,-133662,-9.76%,348400,20220802,20220803
'002514,宝馨科技,15.69,17.27,123956,9.96%,79300,20220729,20220801
'002328,新朋股份,7.13,7.3,27780,2.28%,170700,20220727,20220728
'600509,天富能源,5.71,5.72,913,0.07%,213100,20220725,20220726
'002547,春兴精工,4.61,7.39,457041,60.14%,164800,20220714,20220722
'000709,河钢股份,2.86,3.2,80078,11.78%,237700,20220712,20220713
'002256,兆新股份,3.47,3.18,-60527,-8.45%,206400,20220708,20220711
'000755,山西路桥,4.39,5.1,102448,16.06%,145300,20220707,20220708
'002124,天邦食品,7.59,7.34,-22368,-3.39%,86900,20220705,20220706
'002169,智光电气,8.29,8.45,11854,1.83%,78200,20220701,20220704
'002797,第一创业,6.59,6.41,-18869,-2.83%,101200,20220629,20220630
'002108,沧州明珠,6.62,6.66,3342,0.50%,100200,20220627,20220628
'600121,郑州煤电,7.23,6.99,-23470,-3.42%,95000,20220623,20220624
'600021,上海电力,10.76,10.19,-39172,-5.39%,67500,20220621,20220622
'002056,横店东磁,26.28,25.7,-17085,-2.30%,28200,20220617,20220620
'002263,大东南,3.45,3.26,-44132,-5.60%,228300,20220615,20220616
'601718,际华集团,3.35,3.19,-40334,-4.87%,247100,20220613,20220614
'600868,梅雁吉祥,2.99,2.88,-32495,-3.78%,287800,20220609,20220610
'002466,天齐锂业,105,109.85,36983,4.51%,7800,20220607,20220608
'600297,广汇汽车,2.77,2.72,-15983,-1.90%,303100,20220602,20220606
'601975,招商南油,3.28,3.52,56462,7.21%,238700,20220601,20220602
'600653,申华控股,2.32,2.26,-21597,-2.68%,346800,20220530,20220531
'000680,山推股份,5,5.17,25687,3.30%,155800,20220527,20220530
'000517,荣安地产,3.71,3.54,-38223,-4.68%,220200,20220525,20220526
'600653,申华控股,2.55,2.11,-171449,-17.34%,387700,20220524,20220525
'600082,海泰发展,4.15,3.99,-40679,-3.95%,248000,20220520,20220523
'600267,海正药业,13.5,14.14,45574,4.64%,72800,20220518,20220519
'000014,沙河股份,12.3,11.01,-116339,-10.58%,89400,20220516,20220517
'600892,大晟文化,4.88,4.99,23171,2.15%,220600,20220512,20220513
'002550,千红制药,7,6.31,-118959,-9.95%,170800,20220510,20220511
'000993,闽东电力,14.19,14.15,-4577,-0.38%,84500,20220506,20220509
'601898,中煤能源,9.64,9.49,-20196,-1.65%,126600,20220429,20220505
'002205,国统股份,12.66,12.7,2627,0.22%,96200,20220427,20220428
'600863,内蒙华电,3.34,3.34,-1219,-0.10%,365000,20220425,20220426
'000665,湖北广电,8.89,9.2,38663,3.38%,128500,20220420,20220421
'600622,光大嘉宝,5,5.76,154734,15.08%,205100,20220419,20220420
'000656,金科股份,5.15,5,-31829,-3.01%,205300,20220415,20220418
'600322,天房发展,2.79,2.6,-78446,-6.90%,407200,20220413,20220414
'600512,腾达建设,4.31,4.74,102046,9.87%,239900,20220411,20220412
'600108,亚盛集团,4.24,3.78,-127014,-10.94%,273800,20220407,20220408
'600606,绿地控股,5.49,5.62,25729,2.27%,206800,20220331,20220401
'000958,东方能源,5.88,5.62,-53722,-4.52%,202200,20220329,20220330
'002178,延华智能,6.67,6.98,51678,4.54%,170500,20220322,20220323
'600804,鹏博士,7.59,7.79,28089,2.53%,146100,20220317,20220318
'600396,金山股份,3.75,3.93,49752,4.70%,282500,20220316,20220317
'000815,美利云,16.59,17.42,49417,4.90%,60800,20220314,20220315
'002366,台海核电,5.98,5.6,-69618,-6.45%,180500,20220310,20220311
'002370,亚太药业,6.33,6.1,-41823,-3.73%,177100,20220303,20220304
'000155,川能动力,25.4,25.45,1083,0.10%,44100,20220301,20220302
'002155,湖南黄金,12.26,12.69,36858,3.40%,88300,20220225,20220228
'601069,西部黄金,14.61,16.18,101179,10.64%,65100,20220223,20220224
'002197,证通电子,14.14,16.24,126099,14.74%,60500,20220222,20220223
'002717,岭南股份,4.58,4.39,-37954,-4.24%,195200,20220217,20220218
'300261,雅本化学,18.36,20.25,82664,10.18%,44200,20220215,20220216
'002530,金财互联,12.69,14.18,84586,11.63%,57300,20220209,20220210
'603123,翠微股份,19.5,22.25,89220,13.99%,32700,20220127,20220207
'002537,海联金汇,8.48,8.14,-27301,-4.11%,78400,20220125,20220126
'000665,湖北广电,11.61,12.79,60710,10.05%,52000,20220120,20220121
'002177,御银股份,9.26,8.63,-44779,-6.90%,70100,20220118,20220119
'000810,创维数字,12.78,14.34,70036,12.09%,45300,20220114,20220117
'002750,龙津药业,20.08,23.5,83235,16.91%,24500,20220112,20220113
'002584,西陇科学,10.46,11.29,35950,7.83%,43900,20220111,20220112
'601669,中国电建,8.5,8.55,2231,0.49%,53800,20220107,20220110
'600085,同仁堂,49,48.4,-6096,-1.32%,9400,20220104,20220105
'002232,启明信息,27.2,22.76,-91063,-16.41%,20400,20211230,20211231
'002733,雄韬股份,24.51,22.63,-46626,-7.76%,24500,20211228,20211229
'601991,大唐发电,3.39,3.39,-602,-0.10%,177600,20211224,20211227
'002537,海联金汇,8,7.18,-69418,-10.34%,83900,20211222,20211223
'600771,广誉远,38.39,39.58,19447,3.00%,16900,20211220,20211221
'600027,华电国际,5,4.91,-12617,-1.90%,132900,20211216,20211217
'600989,宝丰能源,18.09,17.37,-28248,-4.08%,38300,20211214,20211215
'002043,兔宝宝,10.02,11.02,62223,9.87%,62900,20211210,20211213
'600348,华阳股份,12.12,11.12,-57345,-8.34%,56700,20211208,20211209
'000831,五矿稀土,47.46,50.05,34806,5.35%,13700,20211203,20211206
'300311,任子行,9.54,9.5,-3406,-0.52%,68800,20211201,20211202
'002487,大金重工,51.3,47.88,-47522,-6.76%,13700,20211129,20211130
'600556,天下秀,14.78,14.62,-8419,-1.18%,48200,20211119,20211122
'002507,涪陵榨菜,35.63,33.4,-48222,-6.35%,21300,20211116,20211117
'300139,晓程科技,15.01,14,-55719,-6.82%,54400,20211112,20211115
'000009,中国宝安,20.58,19,-68774,-7.77%,43000,20211109,20211110
'002335,科华数据,43.16,43.53,6629,0.76%,20300,20211104,20211105
'002312,川发龙蟒,18.22,16.23,-108564,-11.01%,54100,20211101,20211102
'002487,大金重工,31.86,35.71,105301,11.97%,27600,20211028,20211029
'002157,正邦科技,10.35,10.12,-20943,-2.32%,87200,20211020,20211021
'600171,上海贝岭,34.84,35.05,4498,0.50%,25700,20211018,20211019
'600188,兖州煤业,30.29,28.4,-60636,-6.33%,31600,20211012,20211013
'000937,冀中能源,9.08,7.59,-189342,-16.49%,126400,20211008,20211011
'600777,新潮能源,2.78,2.71,-30844,-2.62%,424100,20210929,20210930
'601669,中国电建,9.2,9.46,31250,2.72%,124700,20210923,20210924
'002100,天康生物,8.45,8.45,-1148,-0.10%,135900,20210917,20210922
'002248,华东数控,12.85,12.48,-35235,-2.98%,92100,20210915,20210916
'300327,中颖电子,75.8,70.01,-99059,-7.73%,16900,20210913,20210914
'002241,歌尔股份,50,47.33,-73658,-5.43%,27100,20210909,20210910
'000629,攀钢钒钛,4.9,4.9,-1358,-0.10%,277200,20210907,20210908
'000877,天山股份,16.67,16.49,-16194,-1.18%,82400,20210902,20210903
'000676,智度股份,8.16,6.79,-279007,-16.87%,202600,20210901,20210902
'600366,宁波韵升,13.8,13.76,-6463,-0.39%,120200,20210830,20210831
'000848,承德露露,13.31,12.17,-157310,-8.66%,136500,20210826,20210827
'002518,科士达,40,36.39,-182000,-9.12%,49900,20210823,20210824
'601377,兴业证券,11.2,11.31,17463,0.88%,176900,20210819,20210820
'000572,海马汽车,8.39,7.02,-389105,-16.41%,282500,20210817,20210818
'002312,川发龙蟒,13.22,14.57,217463,10.10%,162800,20210813,20210816
'601117,中国化学,10.2,10.12,-19191,-0.88%,212900,20210811,20210812
'000629,攀钢钒钛,3.11,2.93,-135804,-5.88%,742200,20210809,20210810
'600703,三安光电,44.31,42.2,-117754,-4.86%,54700,20210805,20210806
'000338,潍柴动力,19.2,19.19,-3693,-0.15%,126500,20210803,20210804
'600010,包钢股份,2.71,2.69,-20519,-0.84%,904100,20210730,20210802
'600183,生益科技,26.54,27.39,73643,3.10%,89500,20210728,20210729
'600808,马钢股份,4.93,4.86,-36653,-1.52%,489500,20210723,20210726
'601618,中国中冶,3.5,3.58,51574,2.18%,674700,20210721,20210722
'000612,焦作万方,8.56,8.46,-30311,-1.27%,279400,20210719,20210720
'600771,广誉远,41.52,44.66,165952,7.46%,53600,20210715,20210716
'600958,东方证券,10.49,10.28,-47746,-2.10%,216700,20210713,20210714
'603690,至纯科技,43.51,46.67,151658,7.16%,48700,20210709,20210712
'600905,三峡能源,6.3,6.76,142444,7.19%,314200,20210707,20210708
'601866,中远海发,4.04,4.15,50557,2.62%,477500,20210705,20210706
'002261,拓维信息,9.88,10.88,175613,10.01%,177500,20210630,20210701
'600581,八一钢铁,6.6,6.1,-145641,-7.67%,287700,20210628,20210629
'000983,山西焦煤,8.94,9,10774,0.57%,211200,20210624,20210625
'002426,胜利精密,3.4,3.3,-59185,-3.04%,572800,20210622,20210623
'600703,三安光电,30.43,30.84,23969,1.25%,63200,20210618,20210621
'300134,大富科技,12.49,12.73,34372,1.82%,151200,20210616,20210617
'000034,神州数码,19.58,19.6,39,0.00%,96400,20210611,20210615
'600630,龙头股份,6.37,7.34,248044,15.11%,257600,20210609,20210610
'600369,西南证券,5.15,5.29,41838,2.62%,310500,20210607,20210608
'600744,华银电力,10.01,9.18,-146389,-8.38%,174400,20210603,20210604
'002269,美邦服饰,4.1,4.52,160665,10.13%,386600,20210601,20210602
'300655,晶瑞股份,25.01,25.87,51145,3.34%,61300,20210528,20210531
'601015,陕西黑猫,8.77,8.67,-19250,-1.24%,177100,20210526,20210527
'601005,重庆钢铁,2.79,2.87,41792,2.76%,541700,20210524,20210525
'600744,华银电力,7.17,8.25,196608,14.95%,183400,20210519,20210520
'002249,大洋电机,5.61,5.53,-20361,-1.52%,238000,20210517,20210518
'600200,江苏吴中,8.43,8.29,-23910,-1.76%,161200,20210513,20210514
'002570,贝因美,5.54,5.35,-49690,-3.53%,254300,20210511,20210512
'603025,大豪科技,22.95,23.65,40321,2.95%,59600,20210506,20210507
'002646,青青稞酒,17.2,16.28,-78760,-5.44%,84100,20210429,20210430
'000676,智度股份,6.62,6.07,-132711,-8.40%,238600,20210427,20210428
'600581,八一钢铁,5,5.65,180399,12.89%,279900,20210423,20210426
'601611,中国核建,8.28,8.23,-9913,-0.70%,170200,20210419,20210420
'000883,湖北能源,6.11,5.61,-127192,-8.28%,251500,20210412,20210414
'003035,南网能源,15,13.25,-204588,-11.75%,116000,20210408,20210409
'600859,王府井,32.22,32.01,-13168,-0.75%,54400,20210406,20210407
'000928,中钢国际,6.5,7.14,155660,9.74%,245900,20210401,20210402
'002531,天顺风能,9.74,9.48,-45499,-2.77%,168800,20210329,20210330
'600481,双良节能,5.7,5.17,-170387,-9.39%,318300,20210325,20210326
'601016,节能风电,4.62,5.14,181997,11.14%,353400,20210322,20210323
'002235,安妮股份,4.21,4.84,211107,14.85%,337600,20210317,20210318
'601600,中国铝业,4.48,4.53,14286,1.01%,314100,20210312,20210315
'002340,格林美,8.67,8.81,20983,1.51%,159900,20210310,20210311
'002400,省广集团,5.05,5.21,41231,3.07%,266300,20210308,20210309
'601009,南京银行,9.76,9.6,-23784,-1.74%,140200,20210304,20210305
'600111,北方稀土,23,23.82,45792,3.46%,57500,20210302,20210303
'601636,旗滨集团,14.7,15.48,65383,5.20%,85500,20210226,20210301
'601636,旗滨集团,16,15.38,-51987,-3.97%,81800,20210224,20210225
'002668,奥马电器,6.13,6.04,-20846,-1.57%,217000,20210219,20210222
'000723,美锦能源,7.89,8.09,31597,2.43%,164600,20210209,20210210
'600185,格力地产,6.52,6.53,691,0.05%,199100,20210202,20210203
'002668,奥马电器,4.95,5.45,117931,9.99%,238400,20210127,20210128
'002044,美年健康,14.8,14.46,-28966,-2.39%,81700,20210125,20210126
'600111,北方稀土,16.6,18.71,135341,12.60%,64700,20210121,20210122
'600143,金发科技,23,23,-1074,-0.10%,46700,20210119,20210120
'002177,御银股份,6.2,5.95,-46287,-4.13%,180800,20210115,20210118
'600999,招商证券,27,24.84,-98561,-8.09%,45100,20210113,20210114
'002429,兆驰股份,6.7,6.97,46095,3.93%,175200,20210111,20210112
'000767,晋控电力,4.29,4.72,105879,9.91%,248900,20210107,20210108
'000521,长虹美菱,6.19,5.59,-115817,-9.78%,191200,20210104,20210105
'600460,士兰微,24.98,25,-237,-0.02%,47400,20201230,20201231
'603993,洛阳钼业,5.55,6.17,117947,11.06%,192100,20201228,20201229
'600460,士兰微,22.2,24.98,117669,12.41%,42700,20201222,20201224
'600707,彩虹股份,7,6.21,-121691,-11.37%,152800,20201218,20201221
'600199,金种子酒,12.2,13.49,101381,10.46%,79400,20201215,20201216
'600072,中船科技,13.25,13.18,-6115,-0.63%,73500,20201210,20201211
'601011,宝泰隆,4.3,4.44,29804,3.15%,219800,20201208,20201209
'600418,江淮汽车,10.86,9.99,-83268,-8.10%,94600,20201204,20201207
'000751,锌业股份,3.78,3.88,25507,2.54%,265300,20201201,20201202
'603198,迎驾贡酒,33.8,31.34,-79743,-7.37%,32000,20201127,20201130
'600418,江淮汽车,9.9,11.18,122980,12.82%,96900,20201123,20201124
'000012,南玻A,8.31,7.47,-108927,-10.20%,128500,20201119,20201120
'000829,天音控股,9,7.53,-209861,-16.42%,142000,20201117,20201118
'002230,科大讯飞,44.36,42.19,-67046,-4.99%,30300,20201113,20201116
'300333,兆日科技,14.93,14.3,-60643,-4.32%,94100,20201110,20201111
'000963,华东医药,31.49,34.87,134843,10.62%,40300,20201105,20201106
'600559,老白干酒,14.22,14.13,-9374,-0.73%,90000,20201103,20201104
'002202,金风科技,12.07,11.71,-40675,-3.08%,109400,20201030,20201102
'002074,国轩高科,26.56,27.14,26931,2.08%,48700,20201023,20201026
'002407,多氟多,15.78,16.28,38466,3.07%,79500,20201021,20201022
'000034,神州数码,31,29.88,-48307,-3.71%,42000,20201019,20201020
'600875,东方电气,11.4,11.65,26702,2.09%,112000,20201012,20201013
'601012,隆基股份,75.89,71.12,-86677,-6.38%,17900,20200924,20200925
'300102,乾照光电,9.35,10.23,116057,9.30%,133400,20200917,20200918
'600221,海航控股,1.79,1.82,19348,1.57%,686400,20200914,20200915
'300185,通裕重工,4.85,5.63,169165,15.97%,218400,20200908,20200909
'300139,晓程科技,13.65,13.51,-12053,-1.12%,78500,20200907,20200908
'601216,君正集团,10.05,9.05,-119602,-10.04%,118500,20200827,20200828
'000735,罗牛山,12.6,11.91,-70278,-5.57%,100100,20200825,20200826
'300027,华谊兄弟,6.38,7.04,117105,10.23%,179300,20200821,20200824
'601216,君正集团,10.59,8.69,-251628,-18.02%,131800,20200819,20200821
'000901,航天科技,12.8,13.32,53164,3.96%,104900,20200817,20200818
'000973,佛塑科技,5.64,5.4,-61095,-4.35%,248900,20200813,20200814
'002236,大华股份,22.3,22.42,6110,0.44%,62600,20200810,20200811
'600760,中航沈飞,69,72.06,57981,4.33%,19400,20200807,20200810
'002389,航天彩虹,26.39,29.27,130596,10.80%,45800,20200804,20200806
'600812,华北制药,15.85,17.45,109698,9.98%,69300,20200730,20200731
'002415,海康威视,38.07,37.8,-8959,-0.81%,29100,20200728,20200729
'600550,保变电气,5.76,5.94,32523,3.02%,186800,20200722,20200723
'600196,复星医药,41.35,43.96,62884,6.21%,24500,20200720,20200721
'601216,君正集团,3.47,3.08,-129473,-11.33%,329300,20200716,20200717
'603993,洛阳钼业,4.72,4.41,-81547,-6.66%,259300,20200714,20200715
'002425,凯撒文化,20.2,22.74,135463,12.46%,53800,20200707,20200708
'300017,网宿科技,9.44,10.07,67093,6.57%,108200,20200703,20200706
'002214,大立科技,26.9,28.39,52631,5.43%,36000,20200630,20200701
'002129,中环股份,21.53,20.89,-30673,-3.07%,46400,20200623,20200624
